fold,model,F1,ROC_AUC,Recall,Precision,Accuracy,Brier,LogLoss,ECE
0,Oracle (true probability),0.7943262411347518,0.8427590715920236,0.8115942028985508,0.7777777777777778,0.7441176470588236,0.15911951504316044,0.4841924180295142,0.07615549735816148
0,Random Forest,0.8151658767772512,0.8393810613490247,0.8309178743961353,0.8,0.7705882352941177,0.1623267692258154,0.4887114269347324,0.06803012342862448
0,XGBoost,0.7887323943661971,0.8191129998910319,0.8115942028985508,0.7671232876712328,0.7352941176470589,0.19345904886722565,0.6364783048629761,0.15423647474278424
0,LightGBM,0.7990654205607477,0.8268860557190076,0.8260869565217391,0.7737556561085973,0.7470588235294118,0.18773966845092707,0.6336447626985762,0.14265729398519902
1,Oracle (true probability),0.855072463768116,0.8986596927100359,0.855072463768116,0.855072463768116,0.8235294117647058,0.12298698063009317,0.39485488005316455,0.04203832302651043
1,Random Forest,0.847457627118644,0.8886346300533944,0.8454106280193237,0.8495145631067961,0.8147058823529412,0.1314754093151186,0.4133506232014261,0.05932314777186918
1,XGBoost,0.8467153284671532,0.883876357560568,0.8405797101449275,0.8529411764705882,0.8147058823529412,0.13457325100898743,0.4494064450263977,0.06077009763787773
1,LightGBM,0.8472906403940886,0.881733318804257,0.8309178743961353,0.864321608040201,0.8176470588235294,0.13736539164447173,0.4636485450277645,0.07574286213543338
2,Oracle (true probability),0.8543689320388349,0.9015473466274382,0.8502415458937198,0.8585365853658536,0.8235294117647058,0.12486249336970565,0.38380888462019774,0.026974347243012835
2,Random Forest,0.8501228501228502,0.894809487486833,0.8357487922705314,0.865,0.8205882352941176,0.13003077621667514,0.4024396719885942,0.055267811757767085
2,XGBoost,0.8197530864197531,0.8867458501325778,0.8019323671497585,0.8383838383838383,0.7852941176470588,0.1420964151620865,0.4264441132545471,0.07404557361322289
2,LightGBM,0.8329297820823245,0.8889615342704587,0.8309178743961353,0.8349514563106796,0.7970588235294118,0.13825352872441388,0.4211943641765372,0.06302361699678652
3,Oracle (true probability),0.8405797101449275,0.8814245759325852,0.8405797101449275,0.8405797101449275,0.8058823529411765,0.13569983724678794,0.42021834870599456,0.03529360973476978
3,Random Forest,0.805,0.853982783044568,0.7777777777777778,0.8341968911917098,0.7705882352941177,0.15446863409618855,0.47243453778736766,0.04406663075108096
3,XGBoost,0.7892156862745098,0.8375649268097781,0.7777777777777778,0.8009950248756219,0.7470588235294118,0.1758725941181183,0.5506102442741394,0.11640438331181514
3,LightGBM,0.7990196078431373,0.8361483418691659,0.7874396135265701,0.8109452736318408,0.7588235294117647,0.17325082444470466,0.5675820356703339,0.10228082364774915
4,Oracle (true probability),0.8369829683698297,0.8851294903926483,0.8309178743961353,0.8431372549019608,0.8029411764705883,0.13415694944216824,0.4145361202352366,0.030886582459260785
4,Random Forest,0.8229426433915212,0.8722894192001743,0.7971014492753623,0.8505154639175257,0.7911764705882353,0.1430971040574455,0.44486579525804626,0.05300165618230478
4,XGBoost,0.8188585607940446,0.8608840942937053,0.7971014492753623,0.8418367346938775,0.7852941176470588,0.15532168745994568,0.4985930025577545,0.09673455182243795
4,LightGBM,0.8197530864197531,0.856125821800879,0.8019323671497585,0.8383838383838383,0.7852941176470588,0.15854888363951922,0.5105587372153401,0.09332207001982061
5,Oracle (true probability),0.8272506082725061,0.868965892993353,0.821256038647343,0.8333333333333334,0.7911764705882353,0.14316213929478874,0.44473900195153915,0.05280830876999579
5,Random Forest,0.8109452736318408,0.8601213177872217,0.7874396135265701,0.8358974358974359,0.7764705882352941,0.14831317238448416,0.4643886768968666,0.06292077958420687
5,XGBoost,0.8186274509803921,0.854999818386546,0.8067632850241546,0.8308457711442786,0.7823529411764706,0.16097058355808258,0.5307883024215698,0.11555680897744262
5,LightGBM,0.8186274509803921,0.8489339290254623,0.8067632850241546,0.8308457711442786,0.7823529411764706,0.1676016825439711,0.5641884366913592,0.12607227223178133
6,Oracle (true probability),0.8144578313253013,0.8542370418800624,0.8164251207729468,0.8125,0.7735294117647059,0.152215602422069,0.45826978591907674,0.048749894207069794
6,Random Forest,0.8195121951219512,0.8504231593476445,0.8115942028985508,0.8275862068965517,0.7823529411764706,0.15476902683239346,0.4691499077863192,0.07929932650145019
6,XGBoost,0.8029925187032418,0.8435581707892921,0.7777777777777778,0.8298969072164949,0.7676470588235295,0.170131653547287,0.5327422022819519,0.1140527899541399
6,LightGBM,0.8020050125313283,0.845265337256184,0.7729468599033816,0.8333333333333334,0.7676470588235295,0.16815351750964902,0.5314993458910001,0.10172706823563142
7,Oracle (true probability),0.8720379146919431,0.9086302713305001,0.8888888888888888,0.8558139534883721,0.8411764705882353,0.11619188424912005,0.38120339919066487,0.036877964433667934
7,Random Forest,0.8388625592417062,0.8819875776397516,0.855072463768116,0.8232558139534883,0.8,0.135150541275572,0.4260303883167599,0.051104042487023556
7,XGBoost,0.8441247002398081,0.8652791398786822,0.8502415458937198,0.8380952380952381,0.8088235294117647,0.1482691764831543,0.4953470528125763,0.08883307122570626
7,LightGBM,0.8229665071770335,0.8586320874650394,0.8309178743961353,0.8151658767772512,0.7823529411764706,0.15430088271457515,0.5196116884434739,0.08359042653326135
8,Oracle (true probability),0.8441247002398081,0.8884166939086848,0.8502415458937198,0.8380952380952381,0.8088235294117647,0.13231823175611807,0.4096341031973912,0.035340546713872906
8,Random Forest,0.8366336633663366,0.8796629254295159,0.8164251207729468,0.8578680203045685,0.8058823529411765,0.13983691898929887,0.4287964694993557,0.04964206851626868
8,XGBoost,0.8413461538461539,0.8739239402854964,0.8454106280193237,0.8373205741626795,0.8058823529411765,0.14405003190040588,0.4504566788673401,0.06505610699601035
8,LightGBM,0.8405797101449275,0.8648069448984781,0.8405797101449275,0.8405797101449275,0.8058823529411765,0.14917368585460075,0.4720368962725132,0.07105621834097693
9,Oracle (true probability),0.8215158924205379,0.8888525661981039,0.8115942028985508,0.8316831683168316,0.7852941176470588,0.13293791800981958,0.4037643613854356,0.06452028865135809
9,Random Forest,0.8223844282238443,0.8704732846609278,0.8164251207729468,0.8284313725490197,0.7852941176470588,0.14557743554694966,0.4436299185368769,0.05825585196547306
9,XGBoost,0.8029197080291971,0.8583415059387599,0.7971014492753623,0.8088235294117647,0.7617647058823529,0.1618955433368683,0.5029706358909607,0.09594542351277435
9,LightGBM,0.8137254901960784,0.8563800806363737,0.8019323671497585,0.8258706467661692,0.7764705882352941,0.16128816216993952,0.5051801565267782,0.10998994347570633
10,Oracle (true probability),0.8571428571428571,0.8951363917038974,0.855072463768116,0.8592233009708737,0.8264705882352941,0.12699293988244936,0.39833688376275866,0.03152454930305786
10,Random Forest,0.8647342995169082,0.8871817224219971,0.8647342995169082,0.8647342995169082,0.8352941176470589,0.13117891418758623,0.41546146680573015,0.052168897358113454
10,XGBoost,0.8393285371702638,0.8730521957066579,0.8454106280193237,0.8333333333333334,0.8029411764705883,0.14231157302856445,0.4739702045917511,0.07898109824780157
10,LightGBM,0.8530120481927711,0.8771929824561403,0.855072463768116,0.8509615384615384,0.8205882352941176,0.1402710314858857,0.4702457370998353,0.09524731230600536
11,Oracle (true probability),0.8275862068965517,0.8742508445025607,0.8115942028985508,0.8442211055276382,0.7941176470588235,0.1412110441721359,0.4283683938699284,0.03903030021075736
11,Random Forest,0.7909319899244333,0.8385093167701864,0.7584541062801933,0.8263157894736842,0.7558823529411764,0.1634211333888019,0.5011959401983509,0.07738752228310615
11,XGBoost,0.7871287128712872,0.8270313464821475,0.7681159420289855,0.8071065989847716,0.7470588235294118,0.18128840625286102,0.5788281559944153,0.11421052801477556
11,LightGBM,0.8,0.8251425665613309,0.782608695652174,0.8181818181818182,0.7617647058823529,0.1809015670569897,0.6021172324141205,0.11550058560702281
12,Oracle (true probability),0.8305489260143198,0.8761941084595547,0.8405797101449275,0.8207547169811321,0.7911764705882353,0.13782769124115424,0.42966398466197664,0.03910430233821342
12,Random Forest,0.8129675810473815,0.8656786894773166,0.7874396135265701,0.8402061855670103,0.7794117647058824,0.14728229365840098,0.44807409595834563,0.049932378232324756
12,XGBoost,0.7931034482758621,0.8536195561367187,0.7777777777777778,0.8090452261306532,0.7529411764705882,0.15705205500125885,0.4978466331958771,0.09295879037064667
12,LightGBM,0.8058252427184466,0.8538011695906433,0.8019323671497585,0.8097560975609757,0.7647058823529411,0.15848582564471161,0.5031492247387144,0.09003443347046758
13,Oracle (true probability),0.8393285371702638,0.8859649122807017,0.8454106280193237,0.8333333333333334,0.8029411764705883,0.13282093187526214,0.41359824634042985,0.029124932169826246
13,Random Forest,0.8252427184466019,0.8706548981148524,0.821256038647343,0.8292682926829268,0.788235294117647,0.14363755224754393,0.4382915247943611,0.04727425104105936
13,XGBoost,0.8117359413202934,0.8680033416875522,0.8019323671497585,0.8217821782178217,0.7735294117647059,0.15532368421554565,0.4837632179260254,0.08901054081233112
13,LightGBM,0.8175182481751825,0.8731611637790128,0.8115942028985508,0.8235294117647058,0.7794117647058824,0.14926855940548778,0.46575745982161254,0.09177133697045957
14,Oracle (true probability),0.8257756563245824,0.8768115942028987,0.8357487922705314,0.8160377358490566,0.7852941176470588,0.13797316856091388,0.4276431430090139,0.05320857038513963
14,Random Forest,0.8337468982630273,0.876212269804947,0.8115942028985508,0.8571428571428571,0.8029411764705883,0.1411236159763419,0.4347154405399909,0.06154238470266225
14,XGBoost,0.8292682926829268,0.8630271330500163,0.821256038647343,0.8374384236453202,0.7941176470588235,0.15526257455348969,0.4879777729511261,0.09531296092797727
14,LightGBM,0.8333333333333334,0.8663324979114453,0.821256038647343,0.845771144278607,0.8,0.15218366619044998,0.4878592480933178,0.07934593472032878
15,Oracle (true probability),0.8461538461538461,0.8995132759434818,0.8502415458937198,0.8421052631578947,0.8117647058823529,0.12692089695003875,0.3845386051537866,0.026933331458198453
15,Random Forest,0.8454106280193237,0.8934292252370055,0.8454106280193237,0.8454106280193237,0.8117647058823529,0.1312686130647108,0.4039644774062433,0.03500367505656003
15,XGBoost,0.8403755868544601,0.8751225890813992,0.8647342995169082,0.817351598173516,0.8,0.14781922101974487,0.46235671639442444,0.07878615611835439
15,LightGBM,0.8293838862559242,0.8746503941011949,0.8454106280193237,0.813953488372093,0.788235294117647,0.14905748113621392,0.46824400503752134,0.08693373736830201
16,Oracle (true probability),0.8292682926829268,0.8785914060513602,0.821256038647343,0.8374384236453202,0.7941176470588235,0.13739722105165256,0.4295289242898183,0.04186583741467598
16,Random Forest,0.8188585607940446,0.8718172242199702,0.7971014492753623,0.8418367346938775,0.7852941176470588,0.14534164697672813,0.4421229019456885,0.05153916367134312
16,XGBoost,0.7878787878787878,0.8648795902800479,0.7536231884057971,0.8253968253968254,0.7529411764705882,0.1621631234884262,0.49546635150909424,0.10834501007681382
16,LightGBM,0.801007556675063,0.8613562892739094,0.7681159420289855,0.8368421052631579,0.7676470588235295,0.16185741404822176,0.4992974483513438,0.10950899805475735
17,Oracle (true probability),0.8544600938967136,0.890450764592641,0.8792270531400966,0.8310502283105022,0.8176470588235294,0.12754964605157215,0.4060236061725894,0.05964047991118973
17,Random Forest,0.8454106280193237,0.8753042025353238,0.8454106280193237,0.8454106280193237,0.8117647058823529,0.13852640357052923,0.43982285703985907,0.06081398179347573
17,XGBoost,0.8240963855421687,0.8602302858595764,0.8260869565217391,0.8221153846153846,0.7852941176470588,0.15327440202236176,0.4955886900424957,0.07770667038857937
17,LightGBM,0.8309178743961353,0.8671315971087138,0.8309178743961353,0.8309178743961353,0.7941176470588235,0.14939794158302333,0.4865284694033425,0.08091157763480658
18,Oracle (true probability),0.8215158924205379,0.8695288947005194,0.8115942028985508,0.8316831683168316,0.7852941176470588,0.14241213049835033,0.44190343773434004,0.03679851650621024
18,Random Forest,0.8444444444444444,0.864262104536704,0.8260869565217391,0.8636363636363636,0.8147058823529412,0.1492619398972676,0.4593975373609202,0.06521994304408299
18,XGBoost,0.8177339901477833,0.8578693109585559,0.8019323671497585,0.8341708542713567,0.7823529411764706,0.1536843478679657,0.5009987950325012,0.07270489435862093
18,LightGBM,0.8195121951219512,0.8585594420834696,0.8115942028985508,0.8275862068965517,0.7823529411764706,0.15477854013394945,0.49716376420459907,0.08644681493537076
19,Oracle (true probability),0.8280871670702179,0.871417674621336,0.8260869565217391,0.8300970873786407,0.7911764705882353,0.14254588118030165,0.4356160782935733,0.04013854424673811
19,Random Forest,0.7889447236180904,0.827830445679416,0.7584541062801933,0.8219895287958116,0.7529411764705882,0.16839587436505005,0.5076268837460163,0.06930561338537598
19,XGBoost,0.7911547911547911,0.816933638443936,0.7777777777777778,0.805,0.75,0.18804970383644104,0.6140131950378418,0.12329378890640597
19,LightGBM,0.7941176470588235,0.8128291743852385,0.782608695652174,0.8059701492537313,0.7529411764705882,0.19293303783003302,0.6577721002976411,0.1437838373939253
20,Oracle (true probability),0.8229665071770335,0.8815153826595474,0.8309178743961353,0.8151658767772512,0.7823529411764706,0.13638575472371484,0.4148771128153116,0.045050468540197404
20,Random Forest,0.8157248157248157,0.8569249209981475,0.8019323671497585,0.83,0.7794117647058824,0.1510735730900883,0.45922728216431447,0.036276969229912664
20,XGBoost,0.8088235294117647,0.8490065744070321,0.7971014492753623,0.8208955223880597,0.7705882352941177,0.16767127811908722,0.5196672677993774,0.09112846726442084
20,LightGBM,0.7950617283950617,0.8482801205913334,0.7777777777777778,0.8131313131313131,0.7558823529411764,0.17237476486031814,0.5274374392574405,0.11541140128458222
21,Oracle (true probability),0.8710462287104623,0.9073044931168501,0.8647342995169082,0.8774509803921569,0.8441176470588235,0.11765482123290956,0.3818675625642796,0.03981407210461187
21,Random Forest,0.8613138686131386,0.8954632959209617,0.855072463768116,0.8676470588235294,0.8323529411764706,0.1271920200340535,0.4071610793423444,0.04773789030927957
21,XGBoost,0.8496420047732697,0.891540445316189,0.8599033816425121,0.839622641509434,0.8147058823529412,0.13332340121269226,0.4202209413051605,0.05495401197934853
21,LightGBM,0.8433734939759037,0.8839126802513531,0.8454106280193237,0.8413461538461539,0.8088235294117647,0.13864257034879393,0.4422241163377706,0.07821452514021515
22,Oracle (true probability),0.8138957816377171,0.8618648069448984,0.7922705314009661,0.8367346938775511,0.7794117647058824,0.14872236690159168,0.4541784335869314,0.07329984388707626
22,Random Forest,0.789873417721519,0.845737532236388,0.7536231884057971,0.8297872340425532,0.7558823529411764,0.16121737802192296,0.4870043084856263,0.07747214593536879
22,XGBoost,0.7950617283950617,0.8332788492971559,0.7777777777777778,0.8131313131313131,0.7558823529411764,0.17947807908058167,0.562727153301239,0.11078456067206227
22,LightGBM,0.8129675810473815,0.853437942682794,0.7874396135265701,0.8402061855670103,0.7794117647058824,0.16405693732096777,0.5278488125582164,0.11290390348703441
23,Oracle (true probability),0.8226950354609929,0.871690094802223,0.8405797101449275,0.8055555555555556,0.7794117647058824,0.14116657236293725,0.43079782843354003,0.04849657738069204
23,Random Forest,0.8029556650246306,0.8468998583415059,0.7874396135265701,0.8190954773869347,0.7647058823529411,0.15831812919908272,0.4787156905349161,0.06509313691660404
23,XGBoost,0.8049382716049382,0.8486433474991828,0.7874396135265701,0.8232323232323232,0.7676470588235295,0.16724848747253418,0.5252532362937927,0.12776842954404213
23,LightGBM,0.8029556650246306,0.8430859758090877,0.7874396135265701,0.8190954773869347,0.7647058823529411,0.1692172279271485,0.5554732757615535,0.11677089559535211
24,Oracle (true probability),0.8496420047732697,0.8867640114779705,0.8599033816425121,0.839622641509434,0.8147058823529412,0.13289626051076212,0.41588971424404503,0.03791982661244224
24,Random Forest,0.8493827160493828,0.8820965457121064,0.8309178743961353,0.8686868686868687,0.8205882352941176,0.13491701467357387,0.42279825274969685,0.0569646905636954
24,XGBoost,0.8353221957040573,0.8663324979114453,0.8454106280193237,0.8254716981132075,0.7970588235294118,0.15005871653556824,0.49509376287460327,0.07781455845517271
24,LightGBM,0.8418491484184915,0.8697831535360139,0.8357487922705314,0.8480392156862745,0.8088235294117647,0.14925389924677177,0.49743155396305494,0.09385321888455037
