Date,Description,Amount
01/07/2026,Monthly Allowance from Parents,850.00
02/07/2026,GrabFood Nasi Lemak Wanjo,-18.50
03/07/2026,TNG eWallet Reload Toll,-30.00
04/07/2026,Shopee - Phone Case,-25.90
05/07/2026,Mamak Bistro Maju,-15.00
06/07/2026,Petronas Setel Fuel,-40.00
07/07/2026,Unifi Mobile Bill,-39.00
08/07/2026,McD McValue Lunch,-13.90
09/07/2026,Internship Stipend,900.00
10/07/2026,GSC Mid Valley Movie,-24.00
11/07/2026,Watsons Facial Wash,-21.50
12/07/2026,KTM Komuter,-4.80,
not-a-date,Mystery Row Should Skip,-10.00
14/07/2026,Tealive Brown Sugar,-11.90
15/07/2026,Print Thesis Chapter 4,-12.00
16/07/2026,ZUS Coffee Buttercup,-10.60
17/07/2026,Lazada - Desk Lamp,-45.00
18/07/2026,Spotify Premium Student,-5.99
19/07/2026,Grab Ride to KL Sentral,-14.00
20/07/2026,Refund Shopee Return,25.90
